{"type":"Topology","transform":{"scale":[0.00048073232114566214,0.00029462108810866523],"translate":[-5.669813624120642,51.380121107595215]},"arcs":[[[2259,6484],[-30,-13],[83,-110],[-81,-47],[-57,94],[10,42],[-140,27],[-18,69],[87,48],[146,-110]],[[3143,6277],[-96,-53],[-23,-82],[-212,-155],[-37,5],[-47,-47],[-102,43],[-20,74],[62,11],[0,76],[-85,-105],[-31,-20],[-31,83],[-59,-7],[-37,129],[-45,68],[-48,34],[-73,153]],[[2259,6484],[57,26],[-52,122],[55,138],[-36,57],[20,53],[121,7],[55,45],[58,-32],[18,46],[139,-7],[38,-35],[136,1],[35,-41],[-5,-107],[25,-34],[72,-10],[41,-209],[129,27],[60,50],[100,-23],[28,-37],[-58,-90],[-5,-41],[-147,-113]],[[5380,6309],[9,9]],[[5389,6318],[-9,-9]],[[5399,6329],[28,27]],[[5427,6356],[-28,-27]],[[5360,6382],[-6,5]],[[5354,6387],[6,-5]],[[5195,5875],[-50,162],[-106,-22],[-49,18],[-15,83]],[[4975,6116],[-61,52],[-41,135],[-64,60],[59,63],[-135,96],[-3,77],[41,11],[27,83]],[[4798,6693],[107,14],[16,-70],[64,-51],[146,-89],[167,-154],[77,-40]],[[5375,6303],[-33,-70],[40,-66],[-43,-90],[38,-60],[-15,-91],[-68,17],[-46,-54],[-53,-14]],[[5375,6303],[95,-62],[221,-128],[-77,-69],[15,-95]],[[5629,5949],[-66,-7],[-22,-51],[-68,-82]],[[5473,5809],[-78,-10],[-71,-52],[-40,-3]],[[5284,5744],[-89,131]],[[5389,6318],[10,11]],[[5427,6356],[52,-3],[180,-138],[32,-99],[-225,132],[-86,61]],[[5629,5949],[39,-36],[87,-36],[57,-102],[33,-91],[-4,-55]],[[5841,5629],[-33,-69],[-88,56],[-15,-20],[-156,5],[-46,60],[-30,148]],[[2795,1162],[-8,0]],[[2787,1162],[8,0]],[[2773,1163],[-7,4]],[[2766,1167],[7,-4]],[[2753,1184],[-19,-21]],[[2734,1163],[-5,1]],[[2729,1164],[-1,10]],[[2728,1174],[25,10]],[[2728,1174],[1,-10]],[[2734,1163],[32,4]],[[2766,1167],[7,-4]],[[2773,1163],[9,-5]],[[2782,1158],[5,4]],[[2787,1162],[8,0]],[[2795,1162],[4,-4]],[[2799,1158],[-4,49]],[[2795,1207],[77,97],[124,-123],[26,40],[42,165],[88,45],[25,-40],[113,37],[35,-23],[-1,-82],[153,53],[-3,-39]],[[3474,1337],[-8,-42],[-84,-87],[-12,-81]],[[3370,1127],[-82,-165],[-121,-30],[-73,89],[-75,15],[-90,-28],[-44,-32],[-74,28],[-109,131],[26,39]],[[2964,841],[6,4]],[[2970,845],[45,-12]],[[3015,833],[25,51],[48,-52],[135,56],[108,98],[0,47],[39,94]],[[3474,1337],[41,-32],[90,23]],[[3605,1328],[100,-109],[30,-103],[56,-74]],[[3791,1042],[-115,25],[-54,-13],[-85,-108],[-61,-23]],[[3476,923],[-66,0],[0,-223],[69,17]],[[3479,717],[-2,-52],[-158,-47],[-89,27],[-56,-8],[-36,-42],[-113,-49],[-39,2],[-100,68],[-54,167],[53,12],[64,68],[15,-22]],[[3476,923],[114,-50],[29,-71]],[[3619,802],[-93,-28],[-47,-57]],[[3791,1042],[-22,-51]],[[3769,991],[-61,-129],[2,-56]],[[3710,806],[-68,-28],[-23,24]],[[3815,922],[52,-32],[56,-4],[19,-35],[83,6],[66,58],[69,101],[35,24],[86,102],[61,-9]],[[4342,1133],[-15,-117],[55,-115]],[[4382,901],[-67,-27],[-138,26],[-68,-173],[93,-142],[-44,-46]],[[4158,539],[-67,-40],[-120,28]],[[3971,527],[-90,164],[-97,104],[33,28],[-2,99]],[[3769,991],[51,-56]],[[3820,935],[-12,-112],[-98,-17]],[[3970,530],[-3,1]],[[3967,531],[3,-1]],[[5146,391],[39,28],[-10,72],[45,27],[59,-20]],[[5279,498],[-20,-50]],[[5259,448],[11,-48]],[[5270,400],[-56,-63],[-39,-13]],[[5175,324],[-8,18]],[[5167,342],[-21,49]],[[5146,391],[-57,11],[-60,65],[-19,68]],[[5010,535],[49,50]],[[5059,585],[21,-9],[131,34],[95,-48]],[[5306,562],[52,-34]],[[5358,528],[-79,-30]],[[4618,752],[-97,30],[-85,113],[-54,6]],[[4342,1133],[90,-9],[67,-35],[41,-52],[87,-34],[48,-53],[64,-112],[25,-16]],[[4764,822],[-1,-81],[-84,-11],[-61,22]],[[5275,1400],[54,12],[102,-42],[20,-79],[45,-51],[-11,-73],[105,-34],[-67,-150],[4,-74],[77,-71]],[[5604,838],[-153,-64],[-68,38]],[[5383,812],[-42,41],[57,70],[7,75],[-27,48],[-66,8]],[[5312,1054],[21,174],[-58,172]],[[5275,1400],[-49,79]],[[5226,1479],[77,78],[116,82],[1,53],[53,53],[-22,58],[-54,40],[-37,143],[54,61]],[[5414,2047],[86,-88],[55,-115],[47,14],[8,-73],[43,1],[123,64],[10,28],[84,-33],[105,-119],[58,-28],[0,-61],[64,-88],[40,42],[124,-51],[1,-79],[-42,-147],[36,-45],[-38,-100],[24,-64],[18,-116],[-50,-9],[10,-63],[45,-96],[-25,-45],[-114,-92]],[[6126,684],[-35,76],[-50,-37],[-76,25],[-2,59],[-69,107],[-104,-33]],[[5790,881],[-96,-70],[-22,6]],[[5672,817],[-68,21]],[[5634,753],[25,-22],[74,45],[9,49]],[[5742,825],[48,56]],[[6126,684],[-68,-11],[-181,-111],[-132,-44],[-90,8],[-45,143],[-42,46],[44,59],[22,-21]],[[5335,737],[84,23],[-36,52]],[[5672,817],[-38,-62],[-66,19],[9,-199],[-33,-65],[-162,-97]],[[5382,413],[11,74],[-35,41]],[[5306,562],[60,77],[-52,41],[21,57]],[[5634,753],[84,83],[24,-11]],[[2771,5726],[-21,148],[58,-43],[17,99],[68,42],[43,71],[104,90],[28,86],[70,24],[81,60],[87,-29],[103,30],[49,32]],[[3458,6336],[150,-109],[-10,-54],[-52,-52],[-11,-79],[-78,-56],[-49,-130],[37,-53]],[[3445,5803],[-50,-44],[-76,-3],[-10,-109],[-39,-35],[-182,20],[-91,-74],[-65,37],[-39,-63],[-39,120],[-45,-14],[-38,88]],[[3458,6336],[11,19],[185,77],[61,46],[88,23],[-4,70],[-71,56],[19,35],[71,-16],[17,-47],[100,16],[45,-41]],[[3980,6574],[-23,-84],[28,-57],[-8,-69],[37,-33],[7,-107],[-8,-184],[50,-47],[31,-151],[-16,-17],[-17,-164],[94,-101],[-22,-107]],[[4133,5453],[-127,-32],[-49,-58],[-95,-37],[-32,16],[-43,79],[-84,59],[-19,88],[-33,6],[-101,-39],[-59,11],[-12,80],[42,106],[-76,71]],[[5284,5744],[-26,-104],[-44,-51],[-62,-5],[-75,-53],[-125,-50],[-27,44],[-45,-24],[-85,6],[-30,-28],[-95,30],[-69,-62]],[[4601,5447],[-89,-59],[-69,21],[-102,-21],[-50,99],[-59,37],[-99,-71]],[[3980,6574],[88,-75],[210,-17],[116,41],[93,50],[31,-54]],[[4518,6519],[-50,-59],[-19,-120],[135,-93],[-10,-170],[85,-44],[32,33],[102,42],[15,-110],[-70,-86],[98,-28],[74,58],[-46,67],[21,39],[90,68]],[[4518,6519],[79,-62]],[[4597,6457],[-103,104],[60,52],[70,16],[174,64]],[[4601,5447],[23,-74],[-71,-62],[-18,-49],[51,-34],[-48,-84],[11,-103]],[[4549,5041],[-46,-79],[-169,-49],[-45,-105],[36,-107],[-2,-103],[-25,-97],[-30,-28],[-87,-24],[-50,10],[-41,-43],[-113,-39],[-97,30],[-71,-82],[-48,-191],[-63,-72]],[[3698,4062],[-66,-21],[-10,-53],[-69,17],[-108,-43],[-104,-21],[-19,15],[-67,147],[-49,77],[24,94],[46,99],[79,64],[1,60],[51,12],[68,50],[-52,38],[-43,-52],[-32,5],[-44,92],[-109,148],[-37,80],[38,26]],[[3196,4896],[29,77],[-60,141],[15,43],[53,-14],[10,84],[-117,-49],[-108,45],[-99,-30],[-97,-3],[-31,-57],[-98,13],[-87,-30],[-102,-68],[-74,-123],[7,-69],[-34,-61],[-120,86],[-81,21],[-69,-84],[-35,22],[-55,-41],[-69,30],[-24,-72],[-63,33],[23,83],[61,70],[2,66],[53,12],[96,152],[33,4],[38,62],[78,50],[105,-3],[124,111],[65,98],[48,-7],[125,123],[33,115]],[[5841,5629],[2,-53],[41,-30],[16,-58],[75,-19],[64,11],[17,-29],[64,-7],[-1,-200],[-56,-2],[-94,-98],[-26,65],[-63,93],[-115,28],[-76,-29],[-98,59],[-57,-11],[-46,-84],[-93,-20],[-41,17],[-43,-104],[-64,-33]],[[5247,5125],[-56,39],[-136,-113],[-72,-4],[-47,46],[-52,5],[-49,35],[-62,0],[-28,-55],[-168,-48],[-28,11]],[[5247,5125],[-14,-197],[-29,-43],[20,-88],[96,-26],[30,19],[54,-73],[29,13],[98,-40],[54,-133],[-73,-3],[-46,-137],[-20,-114],[-140,-211],[-36,1],[52,-152],[128,66],[74,50],[40,-82],[-33,-106],[-47,-55],[-167,-19],[-58,-23],[-82,-60],[-28,9],[-75,-79]],[[5074,3642],[-49,35],[-69,-19],[-119,-79],[-46,33],[-94,-47],[-53,-93],[-110,-39],[-53,60],[-48,-22],[-111,-149],[-91,38],[-65,52],[-39,-59]],[[4127,3353],[-32,31],[-28,128],[-119,93],[15,95],[54,56],[-21,67],[-54,-63],[-78,-31],[-53,65],[-7,181],[-38,33],[-139,0]],[[3627,4008],[34,55],[37,-1]],[[2135,2364],[-1,0]],[[2134,2364],[1,0]],[[2127,2364],[-38,-65],[-15,84]],[[2074,2383],[53,-19]],[[4127,3353],[44,-75],[-84,-15],[-83,-82],[33,-30],[-3,-125],[-47,-68],[20,-85],[-18,-98],[21,-198],[-33,-38]],[[3977,2539],[-63,-68],[-134,109],[-26,8],[-86,-77],[-75,60],[-159,-138],[-84,57],[-97,-61],[-79,-5],[-42,-89],[-102,-34],[-68,-68],[-175,-2],[-43,-36],[-71,45],[-35,-17],[-69,29],[-60,-24],[-50,43],[-30,-23],[-120,4]],[[2309,2252],[-12,38],[-63,27],[-61,-28],[-24,20]],[[2149,2309],[-10,61],[-69,53],[-30,93],[95,57],[119,-2],[40,24],[40,-33],[61,0],[69,70],[84,49],[78,73],[59,78],[113,-3],[132,110],[47,12],[75,60],[41,82],[33,22],[82,139],[35,120],[45,86],[14,133],[43,129],[20,